Workbook

Sheet capex_eur
B1: 0.08 | C1: 0.1
A2: 0 | B2: 0 | C2: 0
A3: 3347.0984 | B3: 1.6603711e+08 | C3: 1.8745352e+08
A4: 8925.5957 | B4: 3.3558367e+08 | C4: 3.9671769e+08
A5: 16066.072 | B5: 4.8636884e+08 | C5: 5.863941e+08
A6: 34000 | B6: =_xlfn.FORECAST.LINEAR(A6,B4:B5,A4:A5) -> 8.650789e+08 | C6: =_xlfn.FORECAST.LINEAR(A6,C4:C5,A4:A5) -> 1.0627829e+09

Sheet emission_factor_waste
B1: 0.08 | C1: 0.1
A2: emission_factor_tco2_twaste | B2: 0.89 | C2: 1.04
A3: lhv_MWh_twaste | B3: =8.81/3600*1000 -> 2.4472222 | C3: =10.79/3600*1000 -> 2.9972222

Sheet overview_data
A2: emission factor RDF | B2: 1.649 | C2: tCO2/tRDF_including calcination emission
A3: emission factor waste 10% | B3: 1.04 | C3: tCO2/twaste
A4: emission factor waste 8% | B4: 0.899 | C4: tCO2/twaste
A5: LHV_RDF | B5: 4.92 | C5: MWh/tRDF
A6: LHV_waste | B6: 2.45 | C6: MWh/twaste

Sheet offdesign_calculations
D1: co2 captured_kgps | E1: RDF input tRDF | F1: net_el_efficiency
A2: base | B2: 69.619621 | C2: 0.08 | D2: 16.282494 | E2: 5.4761578 | F2: 0.12855729
A3: down flow | B3: 64.847309 | C3: 0.08 | D3: 17.326895 | E3: 5.8013719 | F3: 0.12513581
A4: up flow | B4: 74.391934 | C4: 0.08 | D4: 15.233061 | E4: 5.1487875 | F4: 0.13047122
A5: up conc | B5: 69.619621 | C5: 0.09 | D5: 18.236537 | E5: 5.9945676 | F5: 0.12480664
A6: down conc | B6: 69.619621 | C6: 0.07 | D6: 14.160806 | E6: 4.8435428 | F6: 0.12562957
D10: co2 captured_tph | E10: RDF input tRDFptCO2captured | F10: net_el_efficiency
A11: base | B11: =B2/$B$2 -> 1 | C11: =C2/$C$2 -> 1 | D11: =D2/1000*3600 -> 58.616979 | E11: =E2/D11 -> 0.093422724 | F11: 0.12855729
A12: down flow | B12: =B3/$B$2 -> 0.93145161 | C12: =C3/$C$2 -> 1 | D12: =D3/1000*3600 -> 62.376821 | E12: =E3/D12 -> 0.09300525 | F12: 0.12513581
A13: up flow | B13: =B4/$B$2 -> 1.0685484 | C13: =C4/$C$2 -> 1 | D13: =D4/1000*3600 -> 54.839021 | E13: =E4/D13 -> 0.093889122 | F13: 0.13047122
A14: up conc | B14: =B5/$B$2 -> 1 | C14: =C5/$C$2 -> 1.125 | D14: =D5/1000*3600 -> 65.651534 | E14: =E5/D14 -> 0.091308874 | F14: 0.12480664
A15: down conc | B15: =B6/$B$2 -> 1 | C15: =C6/$C$2 -> 0.875 | D15: =D6/1000*3600 -> 50.978901 | E15: =E6/D15 -> 0.095010733 | F15: 0.12562957
D18: co2 captured_tph | E18: RDF input tRDFptCO2captured | F18: net_el_efficiency | G18: rel_rdf_input_variation | H18: relative efficiency variation in per 0,01 of concentration change (BETA) eta_new=eta_design * (1+BETA*(conc[t]-conc_design)) with sign depending on upward/downward change
A19: base | B19: 1 | C19: 0.08 | D19: 58.616979 | E19: =E11/$E$11 -> 1 | F19: =F11/$F$11 -> 1
A20: down flow | B20: 0.93145161 | C20: 0.08 | D20: 62.376821 | E20: =E12/$E$11 -> 0.99553135 | F20: =F12/$F$11 -> 0.97338556 | G20: =($E$19-E20)/(B20-$B$19) -> -0.065189743 | H20: =($F$19-F20)/(B20-$B$19) -> -0.38825764
A21: up flow | B21: 1.0685484 | C21: 0.08 | D21: 54.839021 | E21: =E13/$E$11 -> 1.0049923 | F21: =F13/$F$11 -> 1.0148877 | G21: =($E$19-E21)/(B21-$B$19) -> -0.072829401 | H21: =($F$19-F21)/(B21-$B$19) -> -0.21718551
A22: up conc | B22: 1 | C22: 0.09 | D22: 65.651534 | E22: =E14/$E$11 -> 0.97737328 | F22: =F14/$F$11 -> 0.97082502 | G22: =($E$19-E22)/(C22-$C$19) -> 2.262672 | H22: =($F$19-F22)/(C22-$C$19) -> 2.9174978
A23: down conc | B23: 1 | C23: 0.07 | D23: 50.978901 | E23: =E15/$E$11 -> 1.0169981 | F23: =F15/$F$11 -> 0.9772263 | G23: =($E$19-E23)/(C23-$C$19) -> 1.6998099 | H23: =(F19-F23)/(C23-C19) -> -2.2773702

Sheet offdesign_results
B1: waste_tph | C1: co2_conc | D1: co2 captured_kgps | E1: RDF input tRDF | F1: rel_rdf_input_variation | G1: net_el_efficiency | H1: rel_el_eff_variation
A2: base | B2: 1 | C2: 0.08 | D2: =offdesign_calculations!D19 -> 58.616979 | E2: =offdesign_calculations!E19 -> 1 | G2: =offdesign_calculations!F19 -> 1 | H2: =offdesign_calculations!H19 -> 0
A3: up flow | B3: 0.93145161 | C3: 0.08 | D3: =offdesign_calculations!D20 -> 62.376821 | E3: =offdesign_calculations!E20 -> 0.99553135 | F3: =offdesign_calculations!G20 -> -0.065189743 | G3: =offdesign_calculations!F20 -> 0.97338556 | H3: =offdesign_calculations!H20 -> -0.38825764 | I3: NOT USEFUL, TH_INPUT DOESN'T CHANGE AND EFFICIENCY CHANGE IS WRONG
A4: down flow | B4: 1.0685484 | C4: 0.08 | D4: =offdesign_calculations!D21 -> 54.839021 | E4: =offdesign_calculations!E21 -> 1.0049923 | F4: =offdesign_calculations!G21 -> -0.072829401 | G4: =offdesign_calculations!F21 -> 1.0148877 | H4: =offdesign_calculations!H21 -> -0.21718551
A5: up conc | B5: 1 | C5: 0.09 | D5: =offdesign_calculations!D22 -> 65.651534 | E5: =offdesign_calculations!E22 -> 0.97737328 | F5: =offdesign_calculations!G22 -> 2.262672 | G5: =offdesign_calculations!F22 -> 0.97082502 | H5: =offdesign_calculations!H22 -> 2.9174978
A6: down conc | B6: 1 | C6: 0.07 | D6: =offdesign_calculations!D23 -> 50.978901 | E6: =offdesign_calculations!E23 -> 1.0169981 | F6: =offdesign_calculations!G23 -> 1.6998099 | G6: =offdesign_calculations!F23 -> 0.9772263 | H6: =offdesign_calculations!H23 -> -2.2773702
