Workbook

Sheet Sheet1
A1: emission_gerbido | B1: emission_PAIP | C1: emission_piacenza | D1: emission_silla2 | E1: el_price_itNord | F1: normalized_heat_demand_milan | G1: co2_concentration_PAIP
A2: 71.499055 | B2: 25.805581 | C2: 14.145926 | D2: 94.978697 | E2: 107.09 | F2: 0.82816823 | G2: =concentration_calc!J2/100 -> 0.08033982
A3: 73.351179 | B3: 25.608278 | C3: 14.070599 | D3: 94.586829 | E3: 104 | F3: 0.83148866 | G3: =concentration_calc!J3/100 -> 0.07980791
A4: 73.237023 | B4: 25.412023 | C4: 14.052147 | D4: 92.841398 | E4: 100 | F4: 0.82512452 | G4: =concentration_calc!J4/100 -> 0.079345383
A5: 75.181515 | B5: 25.635506 | C5: 13.911463 | D5: 92.296493 | E5: 85.66 | F5: 0.81267294 | G5: =concentration_calc!J5/100 -> 0.079998215
A6: 73.501968 | B6: 25.461868 | C6: 14.01258 | D6: 91.914812 | E6: 85 | F6: 0.80492529 | G6: =concentration_calc!J6/100 -> 0.079064543
A7: 75.045564 | B7: 25.662338 | C7: 14.601183 | D7: 92.388821 | E7: 85.53 | F7: 0.81405645 | G7: =concentration_calc!J7/100 -> 0.079209179
A8: 74.404085 | B8: 25.337075 | C8: 14.847291 | D8: 92.167915 | E8: 95.07 | F8: 0.84061981 | G8: =concentration_calc!J8/100 -> 0.078647624
A9: 76.000524 | B9: 24.696386 | C9: 15.16779 | D9: 91.869885 | E9: 104.07 | F9: 0.8547316 | G9: =concentration_calc!J9/100 -> 0.078048768
A10: 75.251895 | B10: 25.474641 | C10: 14.900678 | D10: 90.92625 | E10: 106.95 | F10: 0.85113448 | G10: =concentration_calc!J10/100 -> 0.078476668
A11: 72.283571 | B11: 25.807002 | C11: 14.44794 | D11: 90.750188 | E11: 107.08 | F11: 0.82844494 | G11: =concentration_calc!J11/100 -> 0.079172706
A12: 73.805168 | B12: 25.502799 | C12: 13.559731 | D12: 86.649495 | E12: 104 | F12: 0.79330382 | G12: =concentration_calc!J12/100 -> 0.078164265
A13: 75.145988 | B13: 23.402894 | C13: 13.788638 | D13: 87.557605 | E13: 98.13 | F13: 0.75982291 | G13: =concentration_calc!J13/100 -> 0.07299088
... A8761: 80.700102 | B8761: 26.963862 | C8761: 9.3780954 | D8761: 90.822922 | E8761: 134.32 | F8761: 0.63254012 | G8761: =concentration_calc!J8761/100 -> 0.087097913

Sheet concentration_calc
A1: L1 | C1: L1_corrected | D1: L2 | F1: L2_corrected | H1: Nm3/h (wet) L1 | I1: Nm3/h (wet) L2 | J1: Weighed av. Concentration
A2: 8.017578 | B2: =IF(A2<3,1,0) -> 0 | C2: 8.017578 | D2: 8.049899 | E2: =IF(D2<3,1,0) -> 0 | F2: 8.049899 | H2: 80561.51 | I2: 83026.24 | J2: =(C2*H2+F2*I2)/(H2+I2) -> 8.033982 | K2: =IF(J2<3,1,0) -> 0
A3: 7.907681 | B3: =IF(A3<3,1,0) -> 0 | C3: 7.907681 | D3: 8.053431 | E3: =IF(D3<3,1,0) -> 0 | F3: 8.053431 | H3: 81445.97 | I3: 81972.99 | J3: =(C3*H3+F3*I3)/(H3+I3) -> 7.980791 | K3: =IF(J3<3,1,0) -> 0
A4: 7.932166 | B4: =IF(A4<3,1,0) -> 0 | C4: 7.932166 | D4: 7.936838 | E4: =IF(D4<3,1,0) -> 0 | F4: 7.936838 | H4: 80288.664 | I4: 82823.21 | J4: =(C4*H4+F4*I4)/(H4+I4) -> 7.9345383 | K4: =IF(J4<3,1,0) -> 0
A5: 8.00547 | B5: =IF(A5<3,1,0) -> 0 | C5: 8.00547 | D5: 7.994339 | E5: =IF(D5<3,1,0) -> 0 | F5: 7.994339 | H5: 80384.85 | I5: 82818.695 | J5: =(C5*H5+F5*I5)/(H5+I5) -> 7.9998215 | K5: =IF(J5<3,1,0) -> 0
A6: 7.8371596 | B6: =IF(A6<3,1,0) -> 0 | C6: 7.8371596 | D6: 7.97523 | E6: =IF(D6<3,1,0) -> 0 | F6: 7.97523 | H6: 81697.96 | I6: 82314.37 | J6: =(C6*H6+F6*I6)/(H6+I6) -> 7.9064543 | K6: =IF(J6<3,1,0) -> 0
A7: 7.868458 | B7: =IF(A7<3,1,0) -> 0 | C7: 7.868458 | D7: 7.97307 | E7: =IF(D7<3,1,0) -> 0 | F7: 7.97307 | H7: 82258.13 | I7: 82743.68 | J7: =(C7*H7+F7*I7)/(H7+I7) -> 7.9209179 | K7: =IF(J7<3,1,0) -> 0
A8: 7.8109117 | B8: =IF(A8<3,1,0) -> 0 | C8: 7.8109117 | D8: 7.9178295 | E8: =IF(D8<3,1,0) -> 0 | F8: 7.9178295 | H8: 81435.62 | I8: 82638.04 | J8: =(C8*H8+F8*I8)/(H8+I8) -> 7.8647624 | K8: =IF(J8<3,1,0) -> 0
A9: 7.687413 | B9: =IF(A9<3,1,0) -> 0 | C9: 7.687413 | D9: 7.91702 | E9: =IF(D9<3,1,0) -> 0 | F9: 7.91702 | H9: 78708.8 | I9: 82443.07 | J9: =(C9*H9+F9*I9)/(H9+I9) -> 7.8048768 | K9: =IF(J9<3,1,0) -> 0
A10: 7.798397 | B10: =IF(A10<3,1,0) -> 0 | C10: 7.798397 | D10: 7.897472 | E10: =IF(D10<3,1,0) -> 0 | F10: 7.897472 | H10: 83108.695 | I10: 82215.16 | J10: =(C10*H10+F10*I10)/(H10+I10) -> 7.8476668 | K10: =IF(J10<3,1,0) -> 0
A11: 7.9010615 | B11: =IF(A11<3,1,0) -> 0 | C11: 7.9010615 | D11: 7.9337754 | E11: =IF(D11<3,1,0) -> 0 | F11: 7.9337754 | H11: 83754.72 | I11: 82253.68 | J11: =(C11*H11+F11*I11)/(H11+I11) -> 7.9172706 | K11: =IF(J11<3,1,0) -> 0
A12: 7.930766 | B12: =IF(A12<3,1,0) -> 0 | C12: 7.930766 | D12: 7.699691 | E12: =IF(D12<3,1,0) -> 0 | F12: 7.699691 | H12: 83945.5 | I12: 82222.58 | J12: =(C12*H12+F12*I12)/(H12+I12) -> 7.8164265 | K12: =IF(J12<3,1,0) -> 0
A13: 7.454116 | B13: =IF(A13<3,1,0) -> 0 | C13: 7.454116 | D13: 7.1479807 | E13: =IF(D13<3,1,0) -> 0 | F13: 7.1479807 | H13: 80601.08 | I13: 82692.445 | J13: =(C13*H13+F13*I13)/(H13+I13) -> 7.299088 | K13: =IF(J13<3,1,0) -> 0
... A831: 7.1513996 | B831: =IF(A831<3,1,0) -> 0 | C831: 7.1513996 | D831: 8.432867 | E831: =IF(D831<3,1,0) -> 0 | F831: 8.432867 | H831: 87546.64 | I831: 76540.22 | J831: =(C831*H831+F831*I831)/(H831+I831) -> 7.7491549 | K831: =IF(J831<3,1,0) -> 0
A832: -26.629475 | B832: =IF(A832<3,1,0) -> 1 | C832: =(C831+C833)/2 -> 7.0937268 | D832: 8.645332 | E832: =IF(D832<3,1,0) -> 0 | F832: 8.645332 | H832: 87009.97 | I832: 73518.85 | J832: =(C832*H832+F832*I832)/(H832+I832) -> 7.8043296 | K832: =IF(J832<3,1,0) -> 0
A833: 7.036054 | B833: =IF(A833<3,1,0) -> 0 | C833: 7.036054 | D833: 8.556535 | E833: =IF(D833<3,1,0) -> 0 | F833: 8.556535 | H833: 87214.805 | I833: 76671.84 | J833: =(C833*H833+F833*I833)/(H833+I833) -> 7.7473876 | K833: =IF(J833<3,1,0) -> 0
A834: 7.0561137 | B834: =IF(A834<3,1,0) -> 0 | C834: 7.0561137 | D834: 7.8171506 | E834: =IF(D834<3,1,0) -> 0 | F834: 7.8171506 | H834: 78883.44 | I834: 72209.09 | J834: =(C834*H834+F834*I834)/(H834+I834) -> 7.4198232 | K834: =IF(J834<3,1,0) -> 0
A835: 6.9081664 | B835: =IF(A835<3,1,0) -> 0 | C835: 6.9081664 | D835: 8.330102 | E835: =IF(D835<3,1,0) -> 0 | F835: 8.330102 | H835: 84501.695 | I835: 70830.18 | J835: =(C835*H835+F835*I835)/(H835+I835) -> 7.5565585 | K835: =IF(J835<3,1,0) -> 0
A836: 5.630198 | B836: =IF(A836<3,1,0) -> 0 | C836: 5.630198 | D836: 8.055616 | E836: =IF(D836<3,1,0) -> 0 | F836: 8.055616 | H836: 64155.594 | I836: 78958.54 | J836: =(C836*H836+F836*I836)/(H836+I836) -> 6.968343 | K836: =IF(J836<3,1,0) -> 0
A837: 6.6304593 | B837: =IF(A837<3,1,0) -> 0 | C837: 6.6304593 | D837: 7.670085 | E837: =IF(D837<3,1,0) -> 0 | F837: 7.670085 | H837: 53980.758 | I837: 84916.43 | J837: =(C837*H837+F837*I837)/(H837+I837) -> 7.2660467 | K837: =IF(J837<3,1,0) -> 0
A838: 6.8172174 | B838: =IF(A838<3,1,0) -> 0 | C838: 6.8172174 | D838: 8.227067 | E838: =IF(D838<3,1,0) -> 0 | F838: 8.227067 | H838: 65622.78 | I838: 83550.13 | J838: =(C838*H838+F838*I838)/(H838+I838) -> 7.6068589 | K838: =IF(J838<3,1,0) -> 0
A839: 7.0685053 | B839: =IF(A839<3,1,0) -> 0 | C839: 7.0685053 | D839: 8.353475 | E839: =IF(D839<3,1,0) -> 0 | F839: 8.353475 | H839: 79244.84 | I839: 81517.7 | J839: =(C839*H839+F839*I839)/(H839+I839) -> 7.7200736 | K839: =IF(J839<3,1,0) -> 0
A840: 6.9376364 | B840: =IF(A840<3,1,0) -> 0 | C840: 6.9376364 | D840: 8.50643 | E840: =IF(D840<3,1,0) -> 0 | F840: 8.50643 | H840: 81641.67 | I840: 82907.7 | J840: =(C840*H840+F840*I840)/(H840+I840) -> 7.7280683 | K840: =IF(J840<3,1,0) -> 0
A841: 6.9194965 | B841: =IF(A841<3,1,0) -> 0 | C841: 6.9194965 | D841: 8.457304 | E841: =IF(D841<3,1,0) -> 0 | F841: 8.457304 | H841: 82435.67 | I841: 82100.68 | J841: =(C841*H841+F841*I841)/(H841+I841) -> 7.6868348 | K841: =IF(J841<3,1,0) -> 0
A842: 6.9958134 | B842: =IF(A842<3,1,0) -> 0 | C842: 6.9958134 | D842: 8.171966 | E842: =IF(D842<3,1,0) -> 0 | F842: 8.171966 | H842: 80798.52 | I842: 78701.38 | J842: =(C842*H842+F842*I842)/(H842+I842) -> 7.5761575 | K842: =IF(J842<3,1,0) -> 0
A843: 7.1284037 | B843: =IF(A843<3,1,0) -> 0 | C843: 7.1284037 | D843: 8.513764 | E843: =IF(D843<3,1,0) -> 0 | F843: 8.513764 | H843: 81364.93 | I843: 82829.41 | J843: =(C843*H843+F843*I843)/(H843+I843) -> 7.827262 | K843: =IF(J843<3,1,0) -> 0
A844: 7.0430346 | B844: =IF(A844<3,1,0) -> 0 | C844: 7.0430346 | D844: 8.525964 | E844: =IF(D844<3,1,0) -> 0 | F844: 8.525964 | H844: 82115.1 | I844: 81179.836 | J844: =(C844*H844+F844*I844)/(H844+I844) -> 7.7802526 | K844: =IF(J844<3,1,0) -> 0
... A1324: 6.3139195 | B1324: =IF(A1324<3,1,0) -> 0 | C1324: 6.3139195 | D1324: 8.613911 | E1324: =IF(D1324<3,1,0) -> 0 | F1324: 8.613911 | H1324: 70789.66 | I1324: 79060.39 | J1324: =(C1324*H1324+F1324*I1324)/(H1324+I1324) -> 7.5273874 | K1324: =IF(J1324<3,1,0) -> 0
A1325: 4.5881996 | B1325: =IF(A1325<3,1,0) -> 0 | C1325: =($C$1324+$C$1329)/2 -> 6.2898778 | D1325: 8.319404 | E1325: =IF(D1325<3,1,0) -> 0 | F1325: 8.319404 | H1325: 71889.87 | I1325: 78959.82 | J1325: =(C1325*H1325+F1325*I1325)/(H1325+I1325) -> 7.3522003 | K1325: =IF(J1325<3,1,0) -> 0
A1326: 2.9152122 | B1326: =IF(A1326<3,1,0) -> 1 | C1326: =($C$1324+$C$1329)/2 -> 6.2898778 | D1326: 8.655093 | E1326: =IF(D1326<3,1,0) -> 0 | F1326: 8.655093 | H1326: 72868.56 | I1326: 79953.61 | J1326: =(C1326*H1326+F1326*I1326)/(H1326+I1326) -> 7.5273128 | K1326: =IF(J1326<3,1,0) -> 0
A1327: 2.97423 | B1327: =IF(A1327<3,1,0) -> 1 | C1327: =($C$1324+$C$1329)/2 -> 6.2898778 | D1327: 8.288454 | E1327: =IF(D1327<3,1,0) -> 0 | F1327: 8.288454 | H1327: 57288.527 | I1327: 78481.89 | J1327: =(C1327*H1327+F1327*I1327)/(H1327+I1327) -> 7.4451519 | K1327: =IF(J1327<3,1,0) -> 0
A1328: 4.0824804 | B1328: =IF(A1328<3,1,0) -> 0 | C1328: =($C$1324+$C$1329)/2 -> 6.2898778 | D1328: 8.54482 | E1328: =IF(D1328<3,1,0) -> 0 | F1328: 8.54482 | H1328: 53962.2 | I1328: 79176.734 | J1328: =(C1328*H1328+F1328*I1328)/(H1328+I1328) -> 7.6308752 | K1328: =IF(J1328<3,1,0) -> 0
A1329: 6.2658362 | B1329: =IF(A1329<3,1,0) -> 0 | C1329: 6.2658362 | D1329: 8.648057 | E1329: =IF(D1329<3,1,0) -> 0 | F1329: 8.648057 | H1329: 62908.688 | I1329: 79401.414 | J1329: =(C1329*H1329+F1329*I1329)/(H1329+I1329) -> 7.5949878 | K1329: =IF(J1329<3,1,0) -> 0
A1330: 7.039604 | B1330: =IF(A1330<3,1,0) -> 0 | C1330: 7.039604 | D1330: 8.556468 | E1330: =IF(D1330<3,1,0) -> 0 | F1330: 8.556468 | H1330: 77057.05 | I1330: 80618.86 | J1330: =(C1330*H1330+F1330*I1330)/(H1330+I1330) -> 7.8151686 | K1330: =IF(J1330<3,1,0) -> 0
A1331: 6.981969 | B1331: =IF(A1331<3,1,0) -> 0 | C1331: 6.981969 | D1331: 8.413291 | E1331: =IF(D1331<3,1,0) -> 0 | F1331: 8.413291 | H1331: 80468.09 | I1331: 79959.72 | J1331: =(C1331*H1331+F1331*I1331)/(H1331+I1331) -> 7.6953622 | K1331: =IF(J1331<3,1,0) -> 0
A1332: 7.114776 | B1332: =IF(A1332<3,1,0) -> 0 | C1332: 7.114776 | D1332: 8.4929495 | E1332: =IF(D1332<3,1,0) -> 0 | F1332: 8.4929495 | H1332: 82264.52 | I1332: 78578.805 | J1332: =(C1332*H1332+F1332*I1332)/(H1332+I1332) -> 7.7880724 | K1332: =IF(J1332<3,1,0) -> 0
A1333: 7.2309437 | B1333: =IF(A1333<3,1,0) -> 0 | C1333: 7.2309437 | D1333: 8.425325 | E1333: =IF(D1333<3,1,0) -> 0 | F1333: 8.425325 | H1333: 86469.21 | I1333: 79057.91 | J1333: =(C1333*H1333+F1333*I1333)/(H1333+I1333) -> 7.8013958 | K1333: =IF(J1333<3,1,0) -> 0
A1334: 7.2370515 | B1334: =IF(A1334<3,1,0) -> 0 | C1334: 7.2370515 | D1334: 8.5878525 | E1334: =IF(D1334<3,1,0) -> 0 | F1334: 8.5878525 | H1334: 90571.11 | I1334: 77574.71 | J1334: =(C1334*H1334+F1334*I1334)/(H1334+I1334) -> 7.8602487 | K1334: =IF(J1334<3,1,0) -> 0
A1335: 7.163517 | B1335: =IF(A1335<3,1,0) -> 0 | C1335: 7.163517 | D1335: 8.299511 | E1335: =IF(D1335<3,1,0) -> 0 | F1335: 8.299511 | H1335: 92295.86 | I1335: 76031.97 | J1335: =(C1335*H1335+F1335*I1335)/(H1335+I1335) -> 7.6766339 | K1335: =IF(J1335<3,1,0) -> 0
A1336: 7.2286534 | B1336: =IF(A1336<3,1,0) -> 0 | C1336: 7.2286534 | D1336: 8.540287 | E1336: =IF(D1336<3,1,0) -> 0 | F1336: 8.540287 | H1336: 90038.47 | I1336: 76187.555 | J1336: =(C1336*H1336+F1336*I1336)/(H1336+I1336) -> 7.8298237 | K1336: =IF(J1336<3,1,0) -> 0
A1337: 7.274249 | B1337: =IF(A1337<3,1,0) -> 0 | C1337: 7.274249 | D1337: 8.467846 | E1337: =IF(D1337<3,1,0) -> 0 | F1337: 8.467846 | H1337: 90450.92 | I1337: 76796.86 | J1337: =(C1337*H1337+F1337*I1337)/(H1337+I1337) -> 7.822325 | K1337: =IF(J1337<3,1,0) -> 0
A1338: 7.259263 | B1338: =IF(A1338<3,1,0) -> 0 | C1338: 7.259263 | D1338: 8.5075035 | E1338: =IF(D1338<3,1,0) -> 0 | F1338: 8.5075035 | H1338: 91110.85 | I1338: 76094.945 | J1338: =(C1338*H1338+F1338*I1338)/(H1338+I1338) -> 7.8273342 | K1338: =IF(J1338<3,1,0) -> 0
A1339: 7.2901034 | B1339: =IF(A1339<3,1,0) -> 0 | C1339: 7.2901034 | D1339: 8.684393 | E1339: =IF(D1339<3,1,0) -> 0 | F1339: 8.684393 | H1339: 89811.42 | I1339: 76302.195 | J1339: =(C1339*H1339+F1339*I1339)/(H1339+I1339) -> 7.9305528 | K1339: =IF(J1339<3,1,0) -> 0
A1340: 7.22228 | B1340: =IF(A1340<3,1,0) -> 0 | C1340: 7.22228 | D1340: 8.449533 | E1340: =IF(D1340<3,1,0) -> 0 | F1340: 8.449533 | H1340: 90837.305 | I1340: 76282.89 | J1340: =(C1340*H1340+F1340*I1340)/(H1340+I1340) -> 7.7824661 | K1340: =IF(J1340<3,1,0) -> 0
... A1569: 7.0993295 | B1569: =IF(A1569<3,1,0) -> 0 | C1569: 7.0993295 | D1569: 8.617615 | E1569: =IF(D1569<3,1,0) -> 0 | F1569: 8.617615 | H1569: 80895.19 | I1569: 79313.03 | J1569: =(C1569*H1569+F1569*I1569)/(H1569+I1569) -> 7.8509752 | K1569: =IF(J1569<3,1,0) -> 0
A1570: 4.2680244 | B1570: =IF(A1570<3,1,0) -> 0 | C1570: =($C$1569+$C$1582)/2 -> 6.7969632 | D1570: 8.419898 | E1570: =IF(D1570<3,1,0) -> 0 | F1570: 8.419898 | H1570: 80260.62 | I1570: 78720.8 | J1570: =(C1570*H1570+F1570*I1570)/(H1570+I1570) -> 7.6005711 | K1570: =IF(J1570<3,1,0) -> 0
A1571: 2.8142145 | B1571: =IF(A1571<3,1,0) -> 1 | C1571: =($C$1569+$C$1582)/2 -> 6.7969632 | D1571: 8.471899 | E1571: =IF(D1571<3,1,0) -> 0 | F1571: 8.471899 | H1571: 75403.89 | I1571: 77350.75 | J1571: =(C1571*H1571+F1571*I1571)/(H1571+I1571) -> 7.6451047 | K1571: =IF(J1571<3,1,0) -> 0
A1572: 2.4509714 | B1572: =IF(A1572<3,1,0) -> 1 | C1572: =($C$1569+$C$1582)/2 -> 6.7969632 | D1572: 8.384797 | E1572: =IF(D1572<3,1,0) -> 0 | F1572: 8.384797 | H1572: 80630.31 | I1572: 76595.96 | J1572: =(C1572*H1572+F1572*I1572)/(H1572+I1572) -> 7.5705086 | K1572: =IF(J1572<3,1,0) -> 0
A1573: 2.2795527 | B1573: =IF(A1573<3,1,0) -> 1 | C1573: =($C$1569+$C$1582)/2 -> 6.7969632 | D1573: 8.323694 | E1573: =IF(D1573<3,1,0) -> 0 | F1573: 8.323694 | H1573: 77860.445 | I1573: 77429.664 | J1573: =(C1573*H1573+F1573*I1573)/(H1573+I1573) -> 7.558211 | K1573: =IF(J1573<3,1,0) -> 0
A1574: 2.3459206 | B1574: =IF(A1574<3,1,0) -> 1 | C1574: =($C$1569+$C$1582)/2 -> 6.7969632 | D1574: 8.425965 | E1574: =IF(D1574<3,1,0) -> 0 | F1574: 8.425965 | H1574: 77960.45 | I1574: 78722.33 | J1574: =(C1574*H1574+F1574*I1574)/(H1574+I1574) -> 7.6154247 | K1574: =IF(J1574<3,1,0) -> 0
A1575: 2.279586 | B1575: =IF(A1575<3,1,0) -> 1 | C1575: =($C$1569+$C$1582)/2 -> 6.7969632 | D1575: 8.572191 | E1575: =IF(D1575<3,1,0) -> 0 | F1575: 8.572191 | H1575: 77610.88 | I1575: 83042.35 | J1575: =(C1575*H1575+F1575*I1575)/(H1575+I1575) -> 7.7145862 | K1575: =IF(J1575<3,1,0) -> 0
A1576: 2.1391866 | B1576: =IF(A1576<3,1,0) -> 1 | C1576: =($C$1569+$C$1582)/2 -> 6.7969632 | D1576: 8.584596 | E1576: =IF(D1576<3,1,0) -> 0 | F1576: 8.584596 | H1576: 77482.38 | I1576: 81928.48 | J1576: =(C1576*H1576+F1576*I1576)/(H1576+I1576) -> 7.7157089 | K1576: =IF(J1576<3,1,0) -> 0
A1577: 2.2480328 | B1577: =IF(A1577<3,1,0) -> 1 | C1577: =($C$1569+$C$1582)/2 -> 6.7969632 | D1577: 8.393619 | E1577: =IF(D1577<3,1,0) -> 0 | F1577: 8.393619 | H1577: 76089.555 | I1577: 81899.766 | J1577: =(C1577*H1577+F1577*I1577)/(H1577+I1577) -> 7.6246504 | K1577: =IF(J1577<3,1,0) -> 0
A1578: 2.1715024 | B1578: =IF(A1578<3,1,0) -> 1 | C1578: =($C$1569+$C$1582)/2 -> 6.7969632 | D1578: 8.475879 | E1578: =IF(D1578<3,1,0) -> 0 | F1578: 8.475879 | H1578: 71854.836 | I1578: 81766.57 | J1578: =(C1578*H1578+F1578*I1578)/(H1578+I1578) -> 7.6905834 | K1578: =IF(J1578<3,1,0) -> 0
A1579: 2.4863102 | B1579: =IF(A1579<3,1,0) -> 1 | C1579: =($C$1569+$C$1582)/2 -> 6.7969632 | D1579: 8.395826 | E1579: =IF(D1579<3,1,0) -> 0 | F1579: 8.395826 | H1579: 70040.98 | I1579: 80263.21 | J1579: =(C1579*H1579+F1579*I1579)/(H1579+I1579) -> 7.6507642 | K1579: =IF(J1579<3,1,0) -> 0
A1580: 3.2910948 | B1580: =IF(A1580<3,1,0) -> 0 | C1580: =($C$1569+$C$1582)/2 -> 6.7969632 | D1580: 8.484696 | E1580: =IF(D1580<3,1,0) -> 0 | F1580: 8.484696 | H1580: 68301.66 | I1580: 82097.14 | J1580: =(C1580*H1580+F1580*I1580)/(H1580+I1580) -> 7.7182341 | K1580: =IF(J1580<3,1,0) -> 0
A1581: 5.5360675 | B1581: =IF(A1581<3,1,0) -> 0 | C1581: =($C$1569+$C$1582)/2 -> 6.7969632 | D1581: 8.30558 | E1581: =IF(D1581<3,1,0) -> 0 | F1581: 8.30558 | H1581: 63855.387 | I1581: 81225.664 | J1581: =(C1581*H1581+F1581*I1581)/(H1581+I1581) -> 7.6415835 | K1581: =IF(J1581<3,1,0) -> 0
A1582: 6.494597 | B1582: =IF(A1582<3,1,0) -> 0 | C1582: 6.494597 | D1582: 8.434242 | E1582: =IF(D1582<3,1,0) -> 0 | F1582: 8.434242 | H1582: 72495.91 | I1582: 78929.72 | J1582: =(C1582*H1582+F1582*I1582)/(H1582+I1582) -> 7.5056256 | K1582: =IF(J1582<3,1,0) -> 0
A1583: 6.6881976 | B1583: =IF(A1583<3,1,0) -> 0 | C1583: 6.6881976 | D1583: 8.443729 | E1583: =IF(D1583<3,1,0) -> 0 | F1583: 8.443729 | H1583: 78440.94 | I1583: 79756.18 | J1583: =(C1583*H1583+F1583*I1583)/(H1583+I1583) -> 7.573261 | K1583: =IF(J1583<3,1,0) -> 0
A1584: 6.890681 | B1584: =IF(A1584<3,1,0) -> 0 | C1584: 6.890681 | D1584: 8.4146595 | E1584: =IF(D1584<3,1,0) -> 0 | F1584: 8.4146595 | H1584: 82206.12 | I1584: 78104.41 | J1584: =(C1584*H1584+F1584*I1584)/(H1584+I1584) -> 7.633174 | K1584: =IF(J1584<3,1,0) -> 0
A1585: 6.989476 | B1585: =IF(A1585<3,1,0) -> 0 | C1585: 6.989476 | D1585: 8.388188 | E1585: =IF(D1585<3,1,0) -> 0 | F1585: 8.388188 | H1585: 82051.836 | I1585: 78001.06 | J1585: =(C1585*H1585+F1585*I1585)/(H1585+I1585) -> 7.671132 | K1585: =IF(J1585<3,1,0) -> 0
A1586: 6.845442 | B1586: =IF(A1586<3,1,0) -> 0 | C1586: 6.845442 | D1586: 8.491842 | E1586: =IF(D1586<3,1,0) -> 0 | F1586: 8.491842 | H1586: 82028.41 | I1586: 77633.15 | J1586: =(C1586*H1586+F1586*I1586)/(H1586+I1586) -> 7.6459805 | K1586: =IF(J1586<3,1,0) -> 0
A1587: 6.731073 | B1587: =IF(A1587<3,1,0) -> 0 | C1587: 6.731073 | D1587: 8.508321 | E1587: =IF(D1587<3,1,0) -> 0 | F1587: 8.508321 | H1587: 81388.02 | I1587: 78100.71 | J1587: =(C1587*H1587+F1587*I1587)/(H1587+I1587) -> 7.6013811 | K1587: =IF(J1587<3,1,0) -> 0
A1588: 6.941796 | B1588: =IF(A1588<3,1,0) -> 0 | C1588: 6.941796 | D1588: 8.373206 | E1588: =IF(D1588<3,1,0) -> 0 | F1588: 8.373206 | H1588: 82257.125 | I1588: 78782.72 | J1588: =(C1588*H1588+F1588*I1588)/(H1588+I1588) -> 7.6420598 | K1588: =IF(J1588<3,1,0) -> 0
A1589: 7.0244718 | B1589: =IF(A1589<3,1,0) -> 0 | C1589: 7.0244718 | D1589: 8.6357 | E1589: =IF(D1589<3,1,0) -> 0 | F1589: 8.6357 | H1589: 82105.58 | I1589: 78779.78 | J1589: =(C1589*H1589+F1589*I1589)/(H1589+I1589) -> 7.8134324 | K1589: =IF(J1589<3,1,0) -> 0
A1590: 7.068274 | B1590: =IF(A1590<3,1,0) -> 0 | C1590: 7.068274 | D1590: 8.334447 | E1590: =IF(D1590<3,1,0) -> 0 | F1590: 8.334447 | H1590: 81522.305 | I1590: 78656.8 | J1590: =(C1590*H1590+F1590*I1590)/(H1590+I1590) -> 7.690035 | K1590: =IF(J1590<3,1,0) -> 0
A1591: 7.103533 | B1591: =IF(A1591<3,1,0) -> 0 | C1591: 7.103533 | D1591: 8.399753 | E1591: =IF(D1591<3,1,0) -> 0 | F1591: 8.399753 | H1591: 79871.484 | I1591: 79236.15 | J1591: =(C1591*H1591+F1591*I1591)/(H1591+I1591) -> 7.749055 | K1591: =IF(J1591<3,1,0) -> 0
A1592: 6.981755 | B1592: =IF(A1592<3,1,0) -> 0 | C1592: 6.981755 | D1592: 8.392488 | E1592: =IF(D1592<3,1,0) -> 0 | F1592: 8.392488 | H1592: 77663.92 | I1592: 78172.99 | J1592: =(C1592*H1592+F1592*I1592)/(H1592+I1592) -> 7.6894257 | K1592: =IF(J1592<3,1,0) -> 0
A1593: 7.079584 | B1593: =IF(A1593<3,1,0) -> 0 | C1593: 7.079584 | D1593: 8.437435 | E1593: =IF(D1593<3,1,0) -> 0 | F1593: 8.437435 | H1593: 79025.29 | I1593: 78456.17 | J1593: =(C1593*H1593+F1593*I1593)/(H1593+I1593) -> 7.7560559 | K1593: =IF(J1593<3,1,0) -> 0
... A2331: 6.086269 | B2331: =IF(A2331<3,1,0) -> 0 | C2331: 6.086269 | D2331: 8.609987 | E2331: =IF(D2331<3,1,0) -> 0 | F2331: 8.609987 | H2331: 79371.336 | I2331: 88507.94 | J2331: =(C2331*H2331+F2331*I2331)/(H2331+I2331) -> 7.416803 | K2331: =IF(J2331<3,1,0) -> 0
A2332: 4.8164606 | B2332: =IF(A2332<3,1,0) -> 0 | C2332: =($C$2331+$C$2337)/2 -> 6.3291035 | D2332: 8.475484 | E2332: =IF(D2332<3,1,0) -> 0 | F2332: 8.475484 | H2332: 77558.914 | I2332: 88468.15 | J2332: =(C2332*H2332+F2332*I2332)/(H2332+I2332) -> 7.4728105 | K2332: =IF(J2332<3,1,0) -> 0
A2333: 4.4423013 | B2333: =IF(A2333<3,1,0) -> 0 | C2333: =($C$2331+$C$2337)/2 -> 6.3291035 | D2333: 8.643362 | E2333: =IF(D2333<3,1,0) -> 0 | F2333: 8.643362 | H2333: 73053.71 | I2333: 88318.63 | J2333: =(C2333*H2333+F2333*I2333)/(H2333+I2333) -> 7.5956907 | K2333: =IF(J2333<3,1,0) -> 0
A2334: 2.8494098 | B2334: =IF(A2334<3,1,0) -> 1 | C2334: =($C$2331+$C$2337)/2 -> 6.3291035 | D2334: 8.745857 | E2334: =IF(D2334<3,1,0) -> 0 | F2334: 8.745857 | H2334: 72559.45 | I2334: 87938.05 | J2334: =(C2334*H2334+F2334*I2334)/(H2334+I2334) -> 7.6532649 | K2334: =IF(J2334<3,1,0) -> 0
A2335: 2.8215945 | B2335: =IF(A2335<3,1,0) -> 1 | C2335: =($C$2331+$C$2337)/2 -> 6.3291035 | D2335: 8.656595 | E2335: =IF(D2335<3,1,0) -> 0 | F2335: 8.656595 | H2335: 72174.54 | I2335: 86984.73 | J2335: =(C2335*H2335+F2335*I2335)/(H2335+I2335) -> 7.6011389 | K2335: =IF(J2335<3,1,0) -> 0
A2336: 3.9023035 | B2336: =IF(A2336<3,1,0) -> 0 | C2336: =($C$2331+$C$2337)/2 -> 6.3291035 | D2336: 8.486166 | E2336: =IF(D2336<3,1,0) -> 0 | F2336: 8.486166 | H2336: 60857.69 | I2336: 86786.11 | J2336: =(C2336*H2336+F2336*I2336)/(H2336+I2336) -> 7.5970407 | K2336: =IF(J2336<3,1,0) -> 0
A2337: 6.571938 | B2337: =IF(A2337<3,1,0) -> 0 | C2337: 6.571938 | D2337: 8.535599 | E2337: =IF(D2337<3,1,0) -> 0 | F2337: 8.535599 | H2337: 61210.76 | I2337: 87308.87 | J2337: =(C2337*H2337+F2337*I2337)/(H2337+I2337) -> 7.7262973 | K2337: =IF(J2337<3,1,0) -> 0
A2338: 6.8497615 | B2338: =IF(A2338<3,1,0) -> 0 | C2338: 6.8497615 | D2338: 8.458986 | E2338: =IF(D2338<3,1,0) -> 0 | F2338: 8.458986 | H2338: 77512.85 | I2338: 88041.52 | J2338: =(C2338*H2338+F2338*I2338)/(H2338+I2338) -> 7.7055442 | K2338: =IF(J2338<3,1,0) -> 0
A2339: 7.005394 | B2339: =IF(A2339<3,1,0) -> 0 | C2339: 7.005394 | D2339: 8.581673 | E2339: =IF(D2339<3,1,0) -> 0 | F2339: 8.581673 | H2339: 81464.68 | I2339: 88144.28 | J2339: =(C2339*H2339+F2339*I2339)/(H2339+I2339) -> 7.8245723 | K2339: =IF(J2339<3,1,0) -> 0
A2340: 7.059799 | B2340: =IF(A2340<3,1,0) -> 0 | C2340: 7.059799 | D2340: 8.437596 | E2340: =IF(D2340<3,1,0) -> 0 | F2340: 8.437596 | H2340: 84172.11 | I2340: 87798.58 | J2340: =(C2340*H2340+F2340*I2340)/(H2340+I2340) -> 7.7632248 | K2340: =IF(J2340<3,1,0) -> 0
A2341: 7.081042 | B2341: =IF(A2341<3,1,0) -> 0 | C2341: 7.081042 | D2341: 8.504602 | E2341: =IF(D2341<3,1,0) -> 0 | F2341: 8.504602 | H2341: 87732.41 | I2341: 87875.21 | J2341: =(C2341*H2341+F2341*I2341)/(H2341+I2341) -> 7.7934008 | K2341: =IF(J2341<3,1,0) -> 0
A2342: 7.168541 | B2342: =IF(A2342<3,1,0) -> 0 | C2342: 7.168541 | D2342: 8.499603 | E2342: =IF(D2342<3,1,0) -> 0 | F2342: 8.499603 | H2342: 92968.82 | I2342: 87979.29 | J2342: =(C2342*H2342+F2342*I2342)/(H2342+I2342) -> 7.8157204 | K2342: =IF(J2342<3,1,0) -> 0
A2343: 7.3148675 | B2343: =IF(A2343<3,1,0) -> 0 | C2343: 7.3148675 | D2343: 8.522948 | E2343: =IF(D2343<3,1,0) -> 0 | F2343: 8.522948 | H2343: 87201.01 | I2343: 88227.766 | J2343: =(C2343*H2343+F2343*I2343)/(H2343+I2343) -> 7.9224431 | K2343: =IF(J2343<3,1,0) -> 0
A2344: 7.344331 | B2344: =IF(A2344<3,1,0) -> 0 | C2344: 7.344331 | D2344: 8.44738 | E2344: =IF(D2344<3,1,0) -> 0 | F2344: 8.44738 | H2344: 87004.98 | I2344: 87817.02 | J2344: =(C2344*H2344+F2344*I2344)/(H2344+I2344) -> 7.8984173 | K2344: =IF(J2344<3,1,0) -> 0
A2345: 7.317931 | B2345: =IF(A2345<3,1,0) -> 0 | C2345: 7.317931 | D2345: 8.430951 | E2345: =IF(D2345<3,1,0) -> 0 | F2345: 8.430951 | H2345: 90475.99 | I2345: 87543.14 | J2345: =(C2345*H2345+F2345*I2345)/(H2345+I2345) -> 7.8652725 | K2345: =IF(J2345<3,1,0) -> 0
A2346: 7.182206 | B2346: =IF(A2346<3,1,0) -> 0 | C2346: 7.182206 | D2346: 8.51676 | E2346: =IF(D2346<3,1,0) -> 0 | F2346: 8.51676 | H2346: 92039.58 | I2346: 88245.78 | J2346: =(C2346*H2346+F2346*I2346)/(H2346+I2346) -> 7.8354413 | K2346: =IF(J2346<3,1,0) -> 0
A2347: 7.2520576 | B2347: =IF(A2347<3,1,0) -> 0 | C2347: 7.2520576 | D2347: 8.765074 | E2347: =IF(D2347<3,1,0) -> 0 | F2347: 8.765074 | H2347: 91891.15 | I2347: 88232.234 | J2347: =(C2347*H2347+F2347*I2347)/(H2347+I2347) -> 7.9931986 | K2347: =IF(J2347<3,1,0) -> 0
A2348: 7.371824 | B2348: =IF(A2348<3,1,0) -> 0 | C2348: 7.371824 | D2348: 8.419094 | E2348: =IF(D2348<3,1,0) -> 0 | F2348: 8.419094 | H2348: 92089.64 | I2348: 88295.35 | J2348: =(C2348*H2348+F2348*I2348)/(H2348+I2348) -> 7.8844447 | K2348: =IF(J2348<3,1,0) -> 0
... A2717: 7.124432 | B2717: =IF(A2717<3,1,0) -> 0 | C2717: 7.124432 | D2717: 8.734398 | E2717: =IF(D2717<3,1,0) -> 0 | F2717: 8.734398 | H2717: 81572.984 | I2717: 87503.016 | J2717: =(C2717*H2717+F2717*I2717)/(H2717+I2717) -> 7.9576483 | K2717: =IF(J2717<3,1,0) -> 0
A2718: 5.362432 | B2718: =IF(A2718<3,1,0) -> 0 | C2718: =($C$2717+$C$2733)/2 -> 6.436876 | D2718: 7.7417927 | E2718: =IF(D2718<3,1,0) -> 0 | F2718: 7.7417927 | H2718: 80936.68 | I2718: 88224.51 | J2718: =(C2718*H2718+F2718*I2718)/(H2718+I2718) -> 7.1174437 | K2718: =IF(J2718<3,1,0) -> 0
A2719: 1.1070782 | B2719: =IF(A2719<3,1,0) -> 1 | C2719: =($C$2717+$C$2733)/2 -> 6.436876 | D2719: 6.056133 | E2719: =IF(D2719<3,1,0) -> 0 | F2719: 6.056133 | H2719: 66681.336 | I2719: 75800.95 | J2719: =(C2719*H2719+F2719*I2719)/(H2719+I2719) -> 6.2343197 | K2719: =IF(J2719<3,1,0) -> 0
A2720: 2.9913895 | B2720: =IF(A2720<3,1,0) -> 1 | C2720: =($C$2717+$C$2733)/2 -> 6.436876 | D2720: 6.606457 | E2720: =IF(D2720<3,1,0) -> 0 | F2720: 6.606457 | H2720: 34909.12 | I2720: 46021.855 | J2720: =(C2720*H2720+F2720*I2720)/(H2720+I2720) -> 6.5333092 | K2720: =IF(J2720<3,1,0) -> 0
A2721: 2.5146153 | B2721: =IF(A2721<3,1,0) -> 1 | C2721: =($C$2717+$C$2733)/2 -> 6.436876 | D2721: 6.25332 | E2721: =IF(D2721<3,1,0) -> 0 | F2721: 6.25332 | H2721: 54491.438 | I2721: 73866.62 | J2721: =(C2721*H2721+F2721*I2721)/(H2721+I2721) -> 6.3312444 | K2721: =IF(J2721<3,1,0) -> 0
A2722: 2.047818 | B2722: =IF(A2722<3,1,0) -> 1 | C2722: =($C$2717+$C$2733)/2 -> 6.436876 | D2722: 6.635413 | E2722: =IF(D2722<3,1,0) -> 0 | F2722: 6.635413 | H2722: 59824.74 | I2722: 74846.31 | J2722: =(C2722*H2722+F2722*I2722)/(H2722+I2722) -> 6.5472172 | K2722: =IF(J2722<3,1,0) -> 0
A2723: 2.0036442 | B2723: =IF(A2723<3,1,0) -> 1 | C2723: =($C$2717+$C$2733)/2 -> 6.436876 | D2723: 6.319188 | E2723: =IF(D2723<3,1,0) -> 0 | F2723: 6.319188 | H2723: 61342.797 | I2723: 57760.418 | J2723: =(C2723*H2723+F2723*I2723)/(H2723+I2723) -> 6.3798019 | K2723: =IF(J2723<3,1,0) -> 0
A2724: 1.8963557 | B2724: =IF(A2724<3,1,0) -> 1 | C2724: =($C$2717+$C$2733)/2 -> 6.436876 | D2724: 7.374209 | E2724: =IF(D2724<3,1,0) -> 0 | F2724: 7.374209 | H2724: 65127.84 | I2724: 54060.094 | J2724: =(C2724*H2724+F2724*I2724)/(H2724+I2724) -> 6.8620223 | K2724: =IF(J2724<3,1,0) -> 0
A2725: 1.6515392 | B2725: =IF(A2725<3,1,0) -> 1 | C2725: =($C$2717+$C$2733)/2 -> 6.436876 | D2725: 9.25079 | E2725: =IF(D2725<3,1,0) -> 0 | F2725: 9.25079 | H2725: 70296.414 | I2725: 89183.984 | J2725: =(C2725*H2725+F2725*I2725)/(H2725+I2725) -> 8.0104616 | K2725: =IF(J2725<3,1,0) -> 0
A2726: 1.7115934 | B2726: =IF(A2726<3,1,0) -> 1 | C2726: =($C$2717+$C$2733)/2 -> 6.436876 | D2726: 8.792295 | E2726: =IF(D2726<3,1,0) -> 0 | F2726: 8.792295 | H2726: 66651.875 | I2726: 88719.88 | J2726: =(C2726*H2726+F2726*I2726)/(H2726+I2726) -> 7.7818598 | K2726: =IF(J2726<3,1,0) -> 0
A2727: 1.6717561 | B2727: =IF(A2727<3,1,0) -> 1 | C2727: =($C$2717+$C$2733)/2 -> 6.436876 | D2727: 9.046782 | E2727: =IF(D2727<3,1,0) -> 0 | F2727: 9.046782 | H2727: 65602.38 | I2727: 88424.445 | J2727: =(C2727*H2727+F2727*I2727)/(H2727+I2727) -> 7.9351831 | K2727: =IF(J2727<3,1,0) -> 0
A2728: 1.7836124 | B2728: =IF(A2728<3,1,0) -> 1 | C2728: =($C$2717+$C$2733)/2 -> 6.436876 | D2728: 8.89418 | E2728: =IF(D2728<3,1,0) -> 0 | F2728: 8.89418 | H2728: 68226.92 | I2728: 88699.766 | J2728: =(C2728*H2728+F2728*I2728)/(H2728+I2728) -> 7.8258194 | K2728: =IF(J2728<3,1,0) -> 0
A2729: 1.6864653 | B2729: =IF(A2729<3,1,0) -> 1 | C2729: =($C$2717+$C$2733)/2 -> 6.436876 | D2729: 8.548081 | E2729: =IF(D2729<3,1,0) -> 0 | F2729: 8.548081 | H2729: 63498.3 | I2729: 88863.875 | J2729: =(C2729*H2729+F2729*I2729)/(H2729+I2729) -> 7.6682174 | K2729: =IF(J2729<3,1,0) -> 0
...
